-- data.sql 
INSERT INTO Roles (nombre) VALUES
('Gerente'),
('Supervisor'),
('Vendedor'),
('Cajero'),
('Repartidor'),
('Cocinero'),
('Limpieza'),
('Administrador'),
('Recepcionista'),
('Seguridad');

INSERT INTO Categorias (nombre) VALUES
('Entradas'),
('Platos principales'),
('Postres'),
('Bebidas sin alcohol'),
('Bebidas alcohólicas'),
('Comida rápida'),
('Ensaladas'),
('Sopas'),
('Parrilla'),
('Pescados y mariscos'),
('Pastas'),
('Pizzas'),
('Desayunos'),
('Menú infantil'),
('Comida vegetariana'),
('Comida vegana'),
('Comida asiática'),
('Comida mexicana'),
('Comida italiana'),
('Comida española');

INSERT INTO MetodoPagos (nombre) VALUES
('Efectivo'),
('Tarjeta de crédito'),
('Tarjeta de débito'),
('Transferencia bancaria'),
('PayPal');

INSERT INTO Empleados (nombre, id_rol) VALUES
('Luis Ramírez', 1),
('Andrea López', 2),
('Roberto García', 3),
('Carolina Martínez', 4),
('Juan Carlos Fernández', 5),
('Esther González', 6),
('Felipe Pérez', 7),
('Sandra Sánchez', 8),
('Marcos Rodríguez', 9),
('Paula Díaz', 10),
('Jorge Moreno', 1),
('Natalia Torres', 2),
('Víctor Ruiz', 3),
('Cristina Molina', 4),
('Adrián Jiménez', 5),
('Marta Navarro', 6),
('Héctor Ortega', 7),
('Ainhoa Álvarez', 8),
('Francisco Castro', 9),
('Lucía Vargas', 10),
('Daniel Gutiérrez', 1),
('Beatriz Romero', 2),
('Antonio Vázquez', 3),
('Eva Serrano', 4),
('Raúl Ramos', 5),
('Alicia Blanco', 6),
('José Luis Gil', 7),
('Celia Morales', 8),
('Manuel Carrasco', 9),
('Silvia Domínguez', 10),
('Alberto Soto', 1),
('Sofía Cruz', 2),
('David Ortiz', 3),
('Marina Méndez', 4),
('Carlos Flores', 5),
('Teresa León', 6),
('Javier Gallego', 7),
('Noelia Calvo', 8),
('Pedro Reyes', 9),
('Elena Santos', 10),
('Alejandro Marín', 1),
('Rosa Medina', 2),
('Miguel Ángel Vega', 3),
('Laura Fuentes', 4),
('Hugo Cabrera', 5),
('Nuria Arias', 6),
('Ricardo Benítez', 7),
('Irene Guerra', 8),
('Diego Iglesias', 9),
('Sara Aguilar', 10),
('Rubén Guerrero', 1),
('Patricia Pastor', 2),
('Fernando Rojas', 3),
('Julia Delgado', 4),
('Pablo Nuñez', 5),
('Ángela Cortés', 6),
('Mario Garrido', 7),
('Carla Crespo', 8),
('Julián Prieto', 9),
('Sonia Pardo', 10),
('Ismael Ferrer', 1),
('Ana María Vicente', 2),
('Gabriel Mora', 3),
('Mercedes Santiago', 4),
('Enrique Campos', 5),
('Raquel Nieto', 6),
('Lucas Pascual', 7),
('María José Bravo', 8),
('Juan Antonio Lozano', 9),
('Yolanda Burgos', 10),
('Eduardo Hidalgo', 1),
('Nerea Giménez', 2),
('Guillermo Sáez', 3),
('Laura María Acosta', 4),
('Salvador Padilla', 5),
('Diana Parra', 6),
('Vicente Carmona', 7),
('Rocío Rivas', 8),
('Marc Luque', 9),
('Ana Belén Esteban', 10),
('Martín Herrero', 1),
('Clara Montero', 2),
('Óscar Duran', 3),
('Elisa Ibáñez', 4),
('Agustín Espinosa', 5),
('Verónica Téllez', 6),
('Bruno Bueno', 7),
('Lidia Hurtado', 8),
('César Gómez', 9),
('Belén Santana', 10),
('Isaac Marrero', 1),
('Rosario Valero', 2),
('Arturo Contreras', 3),
('Tania Caballero', 4),
('Gabriel Quintana', 5),
('Elsa Hernández', 6),
('José Manuel Carrillo', 7),
('Clara Suárez', 8),
('Emilio Soler', 9),
('Alba Lorenzo', 10);

INSERT INTO Productos (nombre, descripcion, precio, id_categoria, cantidad_disponible) VALUES
('Ensalada César', 'Lechuga romana, pollo a la parrilla, crutones, queso parmesano y aderezo César.', 8.99, 7, 50),
('Sopa de tomate', 'Sopa cremosa de tomate con albahaca y queso mozzarella.', 6.50, 8, 40),
('Hamburguesa clásica', 'Carne de res, queso cheddar, lechuga, tomate, cebolla y salsa especial.', 12.99, 6, 60),
('Pizza Margarita', 'Salsa de tomate, mozzarella fresca y albahaca.', 14.50, 12, 35),
('Tacos de carnitas', 'Tres tacos de cerdo deshebrado con cebolla, cilantro y salsa verde.', 10.99, 18, 45),
('Pasta Alfredo', 'Fettuccine con salsa cremosa de queso parmesano y mantequilla.', 13.50, 11, 30),
('Arroz con mariscos', 'Arroz con camarones, calamares, mejillones y vegetales.', 18.99, 10, 25),
('Pollo a la parrilla', 'Pechuga de pollo marinada a la parrilla con guarnición de vegetales.', 15.50, 9, 40),
('Tiramisú', 'Postre italiano con queso mascarpone, café y cacao.', 7.99, 3, 20),
('Limonada casera', 'Limonada fresca con hojas de menta.', 3.50, 4, 80),
('Cerveza artesanal', 'Cerveza local tipo IPA.', 5.99, 5, 100),
('Nachos con queso', 'Totopos con queso fundido, jalapeños, guacamole y crema agria.', 9.50, 1, 30),
('Lasaña', 'Lasaña de carne con salsa bechamel y queso gratinado.', 14.99, 19, 25),
('Filete de salmón', 'Filete de salmón a la plancha con salsa de limón y eneldo.', 19.50, 10, 20),
('Tarta de chocolate', 'Tarta de chocolate negro con coulis de frambuesa.', 6.99, 3, 15),
('Burrito vegetariano', 'Burrito con frijoles, arroz, pimientos, cebolla y guacamole.', 11.50, 15, 35),
('Risotto de hongos', 'Risotto cremoso con hongos silvestres y queso parmesano.', 16.99, 11, 20),
('Cóctel Margarita', 'Tequila, triple sec y jugo de limón con sal en el borde.', 8.50, 5, 50),
('Calamares fritos', 'Calamares rebozados y fritos con alioli de ajo.', 10.99, 1, 40),
('Ensalada griega', 'Tomate, pepino, cebolla roja, aceitunas kalamata y queso feta.', 9.50, 7, 30),
('Costillas BBQ', 'Costillas de cerdo con salsa barbacoa y papas fritas.', 17.99, 9, 25),
('Pad Thai', 'Fideos de arroz salteados con huevo, camarones, cacahuetes y brotes de soja.', 14.50, 17, 20),
('Croissant', 'Croissant de mantequilla recién horneado.', 2.99, 13, 40),
('Café espresso', 'Café espresso intenso y aromático.', 2.50, 4, 100),
('Tortilla española', 'Tortilla de patatas con cebolla.', 8.99, 20, 30),
('Sushi variado', 'Selección de nigiri y maki con wasabi y jengibre.', 22.50, 17, 15),
('Crema catalana', 'Postre cremoso con azúcar caramelizado en la superficie.', 6.99, 3, 20),
('Agua mineral', 'Botella de agua mineral 500ml.', 1.50, 4, 200),
('Quesadilla de pollo', 'Quesadilla con pollo desmenuzado, queso y pimientos.', 9.99, 18, 35),
('Paella valenciana', 'Arroz con pollo, conejo, judías verdes y azafrán.', 24.50, 20, 10),
('Smoothie de frutas', 'Batido de frutas frescas de temporada.', 4.99, 4, 40),
('Pulpo a la gallega', 'Pulpo cocido con pimentón, aceite de oliva y patatas.', 19.99, 10, 15),
('Gazpacho', 'Sopa fría de tomate, pepino, pimiento y ajo.', 7.50, 8, 25),
('Taco de pescado', 'Taco con pescado rebozado, col rallada y salsa de yogur.', 4.99, 18, 40),
('Huevos benedictinos', 'Huevos pochados sobre muffin inglés con salsa holandesa.', 11.99, 13, 20),
('Cordero al horno', 'Pierna de cordero al horno con hierbas y patatas.', 26.50, 9, 10),
('Tarta de queso', 'Tarta de queso cremosa con mermelada de frutos rojos.', 7.99, 3, 20),
('Zumo de naranja', 'Zumo de naranja natural recién exprimido.', 3.99, 4, 50),
('Mojito', 'Ron, azúcar, lima, hierbabuena y soda.', 7.50, 5, 60),
('Croquetas de jamón', 'Croquetas cremosas de jamón ibérico.', 8.99, 1, 30),
('Revuelto de setas', 'Huevos revueltos con setas silvestres y jamón.', 12.50, 1, 25),
('Lomo saltado', 'Carne de res salteada con cebolla, tomate y papas fritas.', 15.99, 2, 20),
('Crepe de chocolate', 'Crepe relleno de chocolate y plátano.', 6.50, 3, 25),
('Té chai', 'Té negro con especias y leche.', 3.99, 4, 40),
('Martini', 'Ginebra y vermut seco con aceituna o twist de limón.', 9.50, 5, 30),
('Patatas bravas', 'Patatas fritas con salsa picante y alioli.', 6.99, 1, 35),
('Rollitos de primavera', 'Rollitos crujientes rellenos de verduras y pollo.', 7.50, 17, 30),
('Curry de pollo', 'Curry de pollo con leche de coco y arroz basmati.', 16.99, 17, 20),
('Helado de vainilla', 'Helado cremoso de vainilla con sirope de chocolate.', 4.50, 3, 40),
('Refresco de cola', 'Refresco de cola con hielo y limón.', 2.99, 4, 100),
('Whisky on the rocks', 'Whisky servido con hielo.', 8.50, 5, 80),
('Bruschetta', 'Pan tostado con tomate, albahaca y aceite de oliva.', 7.99, 1, 30),
('Sopa de cebolla', 'Sopa de cebolla gratinada con queso y pan.', 7.50, 8, 25),
('Carpaccio de res', 'Finas láminas de res con rúcula, parmesano y aceite de oliva.', 13.99, 1, 15),
('Ramen', 'Sopa japonesa con fideos, cerdo, huevo y verduras.', 14.50, 17, 20),
('Tarta de manzana', 'Tarta casera de manzana con canela.', 5.99, 3, 18),
('Café latte', 'Espresso con leche vaporizada.', 3.50, 4, 60),
('Sangría', 'Vino tinto con frutas y licor.', 9.99, 5, 40),
('Guacamole con totopos', 'Guacamole fresco con totopos de maíz.', 8.50, 1, 30),
('Tempura de verduras', 'Verduras en tempura crujiente con salsa de soja.', 11.99, 17, 25),
('Chuleta de cerdo', 'Chuleta de cerdo a la parrilla con salsa de manzana.', 16.50, 9, 20),
('Mousse de chocolate', 'Mousse de chocolate negro con nata montada.', 6.99, 3, 22),
('Té verde', 'Té verde japonés.', 2.99, 4, 50),
('Piña colada', 'Ron, crema de coco y jugo de piña.', 8.50, 5, 35),
('Empanadas de carne', 'Empanadas horneadas rellenas de carne picada.', 9.99, 1, 30),
('Sopa minestrone', 'Sopa italiana con verduras, legumbres y pasta.', 7.50, 8, 25),
('Pollo al curry', 'Pollo en salsa de curry con arroz basmati.', 15.99, 17, 22),
('Flan de caramelo', 'Flan de huevo con caramelo líquido.', 5.50, 3, 20),
('Batido de chocolate', 'Batido cremoso de chocolate con nata montada.', 4.99, 4, 30),
('Gin tonic', 'Ginebra premium con tónica y rodaja de limón.', 10.50, 5, 40),
('Mejillones al vapor', 'Mejillones al vapor con vino blanco y hierbas.', 14.99, 10, 15),
('Crema de calabaza', 'Crema suave de calabaza con semillas tostadas.', 6.99, 8, 25),
('Enchiladas de pollo', 'Tortillas rellenas de pollo con salsa de chile y queso.', 13.50, 18, 20),
('Cheesecake', 'Tarta de queso con base de galleta.', 6.99, 3, 18),
('Chocolate caliente', 'Chocolate caliente con nata montada y canela.', 3.99, 4, 30),
('Caipirinha', 'Cachaza, lima y azúcar.', 7.99, 5, 40),
('Champiñones al ajillo', 'Champiñones salteados con ajo y perejil.', 8.50, 1, 30),
('Sopa de pescado', 'Sopa marinera con diversos pescados y mariscos.', 9.99, 8, 20),
('Pato a la naranja', 'Pechuga de pato con salsa de naranja y puré de patatas.', 24.50, 2, 10),
('Tarta de limón', 'Tarta de limón con merengue.', 6.50, 3, 15),
('Milkshake de vainilla', 'Batido de helado de vainilla con leche.', 5.99, 4, 25),
('Daiquiri', 'Ron, zumo de lima y azúcar.', 8.50, 5, 35),
('Tabla de quesos', 'Selección de quesos nacionales e internacionales.', 16.99, 1, 15),
('Gazpacho andaluz', 'Sopa fría de tomate, pepino, pimiento y ajo.', 7.50, 8, 25),
('Paella mixta', 'Paella con mariscos, pollo y conejo.', 22.99, 20, 12),
('Arroz con leche', 'Arroz cremoso con leche, canela y limón.', 5.50, 3, 20),
('Horchata', 'Bebida refrescante de chufa.', 3.50, 4, 30),
('Negroni', 'Ginebra, vermut rojo y Campari.', 9.50, 5, 25),
('Gambas al ajillo', 'Gambas salteadas con ajo, guindilla y aceite de oliva.', 15.99, 10, 20),
('Crema de espárragos', 'Crema suave de espárragos verdes.', 7.99, 8, 22),
('Fajitas de pollo', 'Tiras de pollo salteadas con pimientos y cebolla.', 14.50, 18, 25),
('Coulant de chocolate', 'Bizcocho de chocolate con interior fundido.', 7.99, 3, 15),
('Café frappé', 'Café frío batido con hielo y leche.', 4.50, 4, 30),
('Aperol Spritz', 'Aperol, prosecco y soda.', 8.99, 5, 40),
('Ensaladilla rusa', 'Ensalada de patata, zanahoria, guisantes y mayonesa.', 7.50, 1, 30),
('Sopa de lentejas', 'Sopa casera de lentejas con verduras.', 6.99, 8, 25);

INSERT INTO ProductoIngredientes (id_producto, ingrediente) VALUES
(1, 'Lechuga romana'),
(1, 'Pollo a la parrilla'),
(1, 'Crutones'),
(1, 'Queso parmesano'),
(1, 'Aderezo César'),
(2, 'Tomate'),
(2, 'Cebolla'),
(2, 'Albahaca'),
(2, 'Queso mozzarella'),
(2, 'Crema'),
(3, 'Carne de res'),
(3, 'Queso cheddar'),
(3, 'Lechuga'),
(3, 'Tomate'),
(3, 'Cebolla'),
(3, 'Pan de hamburguesa'),
(4, 'Masa de pizza'),
(4, 'Salsa de tomate'),
(4, 'Mozzarella fresca'),
(4, 'Albahaca'),
(5, 'Tortillas de maíz'),
(5, 'Cerdo deshebrado'),
(5, 'Cebolla'),
(5, 'Cilantro'),
(5, 'Salsa verde'),
(6, 'Fettuccine'),
(6, 'Crema'),
(6, 'Queso parmesano'),
(6, 'Mantequilla'),
(7, 'Arroz'),
(7, 'Camarones'),
(7, 'Calamares'),
(7, 'Mejillones'),
(7, 'Vegetales mixtos'),
(8, 'Pechuga de pollo'),
(8, 'Especias'),
(8, 'Vegetales asados'),
(9, 'Queso mascarpone'),
(9, 'Bizcochos'),
(9, 'Café'),
(9, 'Cacao en polvo'),
(10, 'Limón'),
(10, 'Azúcar'),
(10, 'Agua'),
(10, 'Hojas de menta'),
(11, 'Malta'),
(11, 'Lúpulo'),
(11, 'Levadura'),
(11, 'Agua'),
(12, 'Totopos de maíz'),
(12, 'Queso cheddar'),
(12, 'Jalapeños'),
(12, 'Guacamole'),
(12, 'Crema agria'),
(13, 'Pasta de lasaña'),
(13, 'Carne picada'),
(13, 'Salsa de tomate'),
(13, 'Bechamel'),
(13, 'Queso'),
(14, 'Filete de salmón'),
(14, 'Limón'),
(14, 'Eneldo'),
(14, 'Mantequilla'),
(15, 'Chocolate negro'),
(15, 'Huevos'),
(15, 'Harina'),
(15, 'Azúcar'),
(15, 'Frambuesas'),
(16, 'Tortilla de trigo'),
(16, 'Frijoles'),
(16, 'Arroz'),
(16, 'Pimientos'),
(16, 'Cebolla'),
(16, 'Guacamole'),
(17, 'Arroz arborio'),
(17, 'Hongos silvestres'),
(17, 'Cebolla'),
(17, 'Vino blanco'),
(17, 'Queso parmesano'),
(18, 'Tequila'),
(18, 'Triple sec'),
(18, 'Jugo de limón'),
(18, 'Sal'),
(19, 'Calamares'),
(19, 'Harina'),
(19, 'Huevo'),
(19, 'Pan rallado'),
(19, 'Alioli de ajo'),
(20, 'Tomate'),
(20, 'Pepino'),
(20, 'Cebolla roja'),
(20, 'Aceitunas kalamata'),
(20, 'Queso feta'),
(21, 'Costillas de cerdo'),
(21, 'Salsa barbacoa'),
(21, 'Especias'),
(21, 'Papas fritas'),
(22, 'Fideos de arroz'),
(22, 'Huevo'),
(22, 'Camarones'),
(22, 'Cacahuetes'),
(22, 'Brotes de soja'),
(23, 'Harina'),
(23, 'Mantequilla'),
(23, 'Leche'),
(23, 'Levadura'),
(24, 'Café'),
(24, 'Agua'),
(25, 'Patatas'),
(25, 'Cebolla'),
(25, 'Huevos'),
(25, 'Aceite de oliva'),
(26, 'Arroz de sushi'),
(26, 'Pescado fresco'),
(26, 'Alga nori'),
(26, 'Wasabi'),
(26, 'Jengibre'),
(27, 'Leche'),
(27, 'Huevos'),
(27, 'Azúcar'),
(27, 'Vainilla'),
(28, 'Agua mineral'),
(29, 'Tortilla de trigo'),
(29, 'Pollo desmenuzado'),
(29, 'Queso'),
(29, 'Pimientos'),
(30, 'Arroz'),
(30, 'Pollo'),
(30, 'Conejo'),
(30, 'Judías verdes'),
(30, 'Azafrán'),
(31, 'Frutas variadas'),
(31, 'Yogur'),
(31, 'Miel'),
(32, 'Pulpo'),
(32, 'Patatas'),
(32, 'Pimentón'),
(32, 'Aceite de oliva'),
(33, 'Tomate'),
(33, 'Pepino'),
(33, 'Pimiento'),
(33, 'Ajo'),
(33, 'Pan'),
(34, 'Pescado blanco'),
(34, 'Harina'),
(34, 'Col rallada'),
(34, 'Salsa de yogur'),
(34, 'Tortilla de maíz'),
(35, 'Huevos'),
(35, 'Muffin inglés'),
(35, 'Salsa holandesa'),
(35, 'Jamón'),
(36, 'Pierna de cordero'),
(36, 'Hierbas aromáticas'),
(36, 'Patatas'),
(36, 'Ajo'),
(37, 'Queso crema'),
(37, 'Azúcar'),
(37, 'Galletas'),
(37, 'Mantequilla'),
(37, 'Frutos rojos'),
(38, 'Naranjas'),
(39, 'Ron'),
(39, 'Azúcar'),
(39, 'Lima'),
(39, 'Hierbabuena'),
(39, 'Soda'),
(40, 'Harina'),
(40, 'Leche'),
(40, 'Mantequilla'),
(40, 'Jamón ibérico'),
(40, 'Pan rallado'),
(41, 'Huevos'),
(41, 'Setas silvestres'),
(41, 'Jamón'),
(41, 'Aceite de oliva'),
(42, 'Carne de res'),
(42, 'Cebolla'),
(42, 'Tomate'),
(42, 'Papas'),
(42, 'Salsa de soja'),
(43, 'Harina'),
(43, 'Huevos'),
(43, 'Leche'),
(43, 'Chocolate'),
(43, 'Plátano'),
(44, 'Té negro'),
(44, 'Especias'),
(44, 'Leche'),
(45, 'Ginebra'),
(45, 'Vermut seco'),
(45, 'Aceituna'),
(46, 'Patatas'),
(46, 'Salsa picante'),
(46, 'Alioli'),
(47, 'Masa para rollitos'),
(47, 'Verduras'),
(47, 'Pollo'),
(47, 'Salsa de soja'),
(48, 'Pollo'),
(48, 'Leche de coco'),
(48, 'Curry en polvo'),
(48, 'Cebolla'),
(48, 'Arroz basmati'),
(49, 'Leche'),
(49, 'Nata'),
(49, 'Azúcar'),
(49, 'Vainilla'),
(49, 'Sirope de chocolate'),
(50, 'Refresco de cola'),
(50, 'Hielo'),
(50, 'Limón'),
(51, 'Whisky'),
(51, 'Hielo'),
(52, 'Pan'),
(52, 'Tomate'),
(52, 'Albahaca'),
(52, 'Aceite de oliva'),
(53, 'Cebolla'),
(53, 'Caldo de carne'),
(53, 'Pan'),
(53, 'Queso gruyère'),
(54, 'Carne de res'),
(54, 'Rúcula'),
(54, 'Queso parmesano'),
(54, 'Aceite de oliva'),
(54, 'Limón'),
(55, 'Fideos ramen'),
(55, 'Cerdo'),
(55, 'Huevo'),
(55, 'Cebolla verde'),
(55, 'Caldo de pollo'),
(56, 'Manzanas'),
(56, 'Harina'),
(56, 'Mantequilla'),
(56, 'Azúcar'),
(56, 'Canela'),
(57, 'Café espresso'),
(57, 'Leche vaporizada'),
(58, 'Vino tinto'),
(58, 'Frutas'),
(58, 'Licor'),
(58, 'Azúcar'),
(59, 'Aguacate'),
(59, 'Cebolla'),
(59, 'Cilantro'),
(59, 'Tomate'),
(59, 'Totopos de maíz'),
(60, 'Verduras variadas'),
(60, 'Harina de tempura'),
(60, 'Agua fría'),
(60, 'Salsa de soja'),
(61, 'Chuleta de cerdo'),
(61, 'Especias'),
(61, 'Manzana'),
(61, 'Azúcar'),
(61, 'Vino blanco'),
(62, 'Chocolate negro'),
(62, 'Huevos'),
(62, 'Nata'),
(62, 'Azúcar'),
(63, 'Té verde'),
(64, 'Ron'),
(64, 'Crema de coco'),
(64, 'Jugo de piña'),
(64, 'Hielo'),
(65, 'Masa de empanada'),
(65, 'Carne picada'),
(65, 'Cebolla'),
(65, 'Huevo'),
(65, 'Especias'),
(66, 'Caldo de verduras'),
(66, 'Verduras variadas'),
(66, 'Legumbres'),
(66, 'Pasta pequeña'),
(67, 'Pollo'),
(67, 'Curry en polvo'),
(67, 'Leche de coco'),
(67, 'Cebolla'),
(67, 'Arroz basmati'),
(68, 'Huevos'),
(68, 'Leche'),
(68, 'Azúcar'),
(68, 'Caramelo'),
(69, 'Leche'),
(69, 'Helado de chocolate'),
(69, 'Nata montada'),
(70, 'Ginebra premium'),
(70, 'Tónica'),
(70, 'Limón'),
(70, 'Hielo'),
(71, 'Mejillones'),
(71, 'Vino blanco'),
(71, 'Ajo'),
(71, 'Perejil'),
(72, 'Calabaza'),
(72, 'Cebolla'),
(72, 'Caldo de verduras'),
(72, 'Nata'),
(72, 'Semillas de calabaza'),
(73, 'Tortillas de maíz'),
(73, 'Pollo desmenuzado'),
(73, 'Salsa de chile'),
(73, 'Queso'),
(73, 'Crema agria'),
(74, 'Queso crema'),
(74, 'Huevos'),
(74, 'Galletas'),
(74, 'Azúcar'),
(74, 'Nata'),
(75, 'Chocolate'),
(75, 'Leche'),
(75, 'Nata montada'),
(75, 'Canela'),
(76, 'Cachaza'),
(76, 'Lima'),
(76, 'Azúcar'),
(76, 'Hielo'),
(77, 'Champiñones'),
(77, 'Ajo'),
(77, 'Perejil'),
(77, 'Aceite de oliva'),
(78, 'Diversos pescados'),
(78, 'Mariscos'),
(78, 'Tomate'),
(78, 'Cebolla'),
(78, 'Vino blanco'),
(79, 'Pechuga de pato'),
(79, 'Naranjas'),
(79, 'Azúcar'),
(79, 'Vino tinto'),
(79, 'Patatas'),
(80, 'Limón'),
(80, 'Huevos'),
(80, 'Azúcar'),
(80, 'Mantequilla'),
(80, 'Merengue'),
(81, 'Helado de vainilla'),
(81, 'Leche'),
(81, 'Nata montada'),
(82, 'Ron'),
(82, 'Zumo de lima'),
(82, 'Azúcar'),
(82, 'Hielo'),
(83, 'Quesos variados'),
(83, 'Frutos secos'),
(83, 'Uvas'),
(83, 'Crackers'),
(84, 'Tomate'),
(84, 'Pepino'),
(84, 'Pimiento'),
(84, 'Ajo'),
(84, 'Pan'),
(85, 'Arroz'),
(85, 'Mariscos'),
(85, 'Pollo'),
(85, 'Conejo'),
(85, 'Azafrán'),
(86, 'Arroz'),
(86, 'Leche'),
(86, 'Canela'),
(86, 'Limón'),
(86, 'Azúcar'),
(87, 'Chufa'),
(87, 'Agua'),
(87, 'Azúcar'),
(87, 'Canela'),
(88, 'Ginebra'),
(88, 'Vermut rojo'),
(88, 'Campari'),
(88, 'Naranja'),
(89, 'Gambas'),
(89, 'Ajo'),
(89, 'Guindilla'),
(89, 'Aceite de oliva'),
(89, 'Perejil'),
(90, 'Espárragos verdes'),
(90, 'Cebolla'),
(90, 'Caldo de verduras'),
(90, 'Nata'),
(91, 'Tiras de pollo'),
(91, 'Pimientos'),
(91, 'Cebolla'),
(91, 'Tortillas de trigo'),
(91, 'Especias'),
(92, 'Chocolate negro'),
(92, 'Huevos'),
(92, 'Mantequilla'),
(92, 'Azúcar'),
(92, 'Harina'),
(93, 'Café'),
(93, 'Hielo'),
(93, 'Leche'),
(93, 'Azúcar'),
(94, 'Aperol'),
(94, 'Prosecco'),
(94, 'Soda'),
(94, 'Naranja'),
(95, 'Patata'),
(95, 'Zanahoria'),
(95, 'Guisantes'),
(95, 'Mayonesa'),
(95, 'Atún'),
(96, 'Lentejas'),
(96, 'Zanahoria'),
(96, 'Cebolla'),
(96, 'Patata'),
(96, 'Pimentón');

INSERT INTO Clientes (nombre, apellido, telefono, correo) VALUES
('Juan', 'Pérez', '555-1234', 'juan.perez@email.com'),
('María', 'García', '555-2345', 'maria.garcia@email.com'),
('Pedro', 'López', '555-3456', 'pedro.lopez@email.com'),
('Ana', 'Martínez', '555-4567', 'ana.martinez@email.com'),
('Carlos', 'González', '555-5678', 'carlos.gonzalez@email.com'),
('Laura', 'Rodríguez', '555-6789', 'laura.rodriguez@email.com'),
('José', 'Fernández', '555-7890', 'jose.fernandez@email.com'),
('Sofía', 'Díaz', '555-8901', 'sofia.diaz@email.com'),
('Miguel', 'Sánchez', '555-9012', 'miguel.sanchez@email.com'),
('Carmen', 'Romero', '555-0123', 'carmen.romero@email.com'),
('David', 'Torres', '555-1235', 'david.torres@email.com'),
('Elena', 'Navarro', '555-2346', 'elena.navarro@email.com'),
('Francisco', 'Moreno', '555-3457', 'francisco.moreno@email.com'),
('Lucía', 'Jiménez', '555-4568', 'lucia.jimenez@email.com'),
('Roberto', 'Ruiz', '555-5679', 'roberto.ruiz@email.com'),
('Marta', 'Molina', '555-6780', 'marta.molina@email.com'),
('Antonio', 'Gutiérrez', '555-7891', 'antonio.gutierrez@email.com'),
('Isabel', 'Vázquez', '555-8902', 'isabel.vazquez@email.com'),
('Alejandro', 'Castro', '555-9013', 'alejandro.castro@email.com'),
('Raquel', 'Ortega', '555-0124', 'raquel.ortega@email.com'),
('Javier', 'Serrano', '555-1236', 'javier.serrano@email.com'),
('Natalia', 'Ramos', '555-2347', 'natalia.ramos@email.com'),
('Alberto', 'Álvarez', '555-3458', 'alberto.alvarez@email.com'),
('Sara', 'Gil', '555-4569', 'sara.gil@email.com'),
('Manuel', 'Blanco', '555-5680', 'manuel.blanco@email.com'),
('Eva', 'Domínguez', '555-6781', 'eva.dominguez@email.com'),
('Fernando', 'Vargas', '555-7892', 'fernando.vargas@email.com'),
('Cristina', 'Morales', '555-8903', 'cristina.morales@email.com'),
('Víctor', 'Carrasco', '555-9014', 'victor.carrasco@email.com'),
('Marina', 'Soto', '555-0125', 'marina.soto@email.com'),
('Ricardo', 'Cruz', '555-1237', 'ricardo.cruz@email.com'),
('Teresa', 'Ortiz', '555-2348', 'teresa.ortiz@email.com'),
('Pablo', 'Flores', '555-3459', 'pablo.flores@email.com'),
('Ángela', 'Herrera', '555-4570', 'angela.herrera@email.com'),
('Jorge', 'Méndez', '555-5681', 'jorge.mendez@email.com'),
('Mónica', 'León', '555-6782', 'monica.leon@email.com'),
('Daniel', 'Gallego', '555-7893', 'daniel.gallego@email.com'),
('Silvia', 'Peña', '555-8904', 'silvia.pena@email.com'),
('Andrés', 'Calvo', '555-9015', 'andres.calvo@email.com'),
('Beatriz', 'Reyes', '555-0126', 'beatriz.reyes@email.com'),
('Diego', 'Santos', '555-1238', 'diego.santos@email.com'),
('Nuria', 'Marín', '555-2349', 'nuria.marin@email.com'),
('Arturo', 'Medina', '555-3460', 'arturo.medina@email.com'),
('Carla', 'Vega', '555-4571', 'carla.vega@email.com'),
('Ignacio', 'Fuentes', '555-5682', 'ignacio.fuentes@email.com'),
('Olga', 'Cabrera', '555-6783', 'olga.cabrera@email.com'),
('Mario', 'Arias', '555-7894', 'mario.arias@email.com'),
('Irene', 'Benítez', '555-8905', 'irene.benitez@email.com'),
('Samuel', 'Guerra', '555-9016', 'samuel.guerra@email.com'),
('Luisa', 'Iglesias', '555-0127', 'luisa.iglesias@email.com'),
('Rubén', 'Aguilar', '555-1239', 'ruben.aguilar@email.com'),
('Patricia', 'Guerrero', '555-2350', 'patricia.guerrero@email.com'),
('Sergio', 'Pastor', '555-3461', 'sergio.pastor@email.com'),
('Julia', 'Rojas', '555-4572', 'julia.rojas@email.com'),
('Guillermo', 'Delgado', '555-5683', 'guillermo.delgado@email.com'),
('Alicia', 'Nuñez', '555-6784', 'alicia.nunez@email.com'),
('Rafael', 'Cortés', '555-7895', 'rafael.cortes@email.com'),
('Miriam', 'Garrido', '555-8906', 'miriam.garrido@email.com'),
('Félix', 'Crespo', '555-9017', 'felix.crespo@email.com'),
('Susana', 'Prieto', '555-0128', 'susana.prieto@email.com'),
('Gonzalo', 'Pardo', '555-1240', 'gonzalo.pardo@email.com'),
('Adriana', 'Ferrer', '555-2351', 'adriana.ferrer@email.com'),
('Lucas', 'Vicente', '555-3462', 'lucas.vicente@email.com'),
('Noelia', 'Mora', '555-4573', 'noelia.mora@email.com'),
('Hugo', 'Santiago', '555-5684', 'hugo.santiago@email.com'),
('Lorena', 'Campos', '555-6785', 'lorena.campos@email.com'),
('Joaquín', 'Nieto', '555-7896', 'joaquin.nieto@email.com'),
('Pilar', 'Pascual', '555-8907', 'pilar.pascual@email.com'),
('Emilio', 'Bravo', '555-9018', 'emilio.bravo@email.com'),
('Celia', 'Lozano', '555-0129', 'celia.lozano@email.com'),
('Ismael', 'Burgos', '555-1241', 'ismael.burgos@email.com'),
('Esther', 'Hidalgo', '555-2352', 'esther.hidalgo@email.com'),
('Marcos', 'Giménez', '555-3463', 'marcos.gimenez@email.com'),
('Diana', 'Sáez', '555-4574', 'diana.saez@email.com'),
('Eduardo', 'Acosta', '555-5685', 'eduardo.acosta@email.com'),
('Vanesa', 'Padilla', '555-6786', 'vanesa.padilla@email.com'),
('Óscar', 'Parra', '555-7897', 'oscar.parra@email.com'),
('Ainhoa', 'Carmona', '555-8908', 'ainhoa.carmona@email.com'),
('Héctor', 'Rivas', '555-9019', 'hector.rivas@email.com'),
('Alba', 'Luque', '555-0130', 'alba.luque@email.com'),
('Salvador', 'Esteban', '555-1242', 'salvador.esteban@email.com'),
('Yolanda', 'Herrero', '555-2353', 'yolanda.herrero@email.com'),
('Iván', 'Montero', '555-3464', 'ivan.montero@email.com'),
('Rocío', 'Duran', '555-4575', 'rocio.duran@email.com'),
('Marc', 'Ibáñez', '555-5686', 'marc.ibanez@email.com'),
('Nerea', 'Espinosa', '555-6787', 'nerea.espinosa@email.com'),
('José Antonio', 'Téllez', '555-7898', 'jose.antonio.tellez@email.com'),
('Tania', 'Bueno', '555-8909', 'tania.bueno@email.com'),
('Enrique', 'Hurtado', '555-9020', 'enrique.hurtado@email.com'),
('Belén', 'Gómez', '555-0131', 'belen.gomez@email.com'),
('César', 'Santana', '555-1243', 'cesar.santana@email.com'),
('Lidia', 'Marrero', '555-2354', 'lidia.marrero@email.com'),
('Isaac', 'Valero', '555-3465', 'isaac.valero@email.com'),
('Rocío', 'Contreras', '555-4576', 'rocio.contreras@email.com'),
('Gabriel', 'Caballero', '555-5687', 'gabriel.caballero@email.com'),
('Elsa', 'Quintana', '555-6788', 'elsa.quintana@email.com'),
('Martín', 'Hernández', '555-7899', 'martin.hernandez@email.com'),
('Rosario', 'Carrillo', '555-8910', 'rosario.carrillo@email.com'),
('Bruno', 'Suárez', '555-9021', 'bruno.suarez@email.com'),
('Clara', 'Soler', '555-0132', 'clara.soler@email.com'),
('Agustín', 'Lorenzo', '555-1244', 'agustin.lorenzo@email.com'),
('Verónica', 'Cano', '555-2355', 'veronica.cano@email.com');

INSERT INTO ClienteTelefonos (id_cliente, telefono) VALUES
(1, '555-9876'),
(2, '555-8765'),
(4, '555-7654'),
(7, '555-6543'),
(9, '555-5432'),
(12, '555-4321'),
(15, '555-3210'),
(18, '555-2109'),
(21, '555-1098'),
(23, '555-0987'),
(26, '555-9876'),
(29, '555-8765'),
(32, '555-7654'),
(35, '555-6543'),
(38, '555-5432'),
(41, '555-4321'),
(47, '555-2109'),
(50, '555-1098'),
(56, '555-9876'),
(59, '555-8765'),
(62, '555-7654'),
(65, '555-6543'),
(68, '555-5432'),
(71, '555-4321'),
(74, '555-3210'),
(77, '555-2109'),
(80, '555-1098'),
(83, '555-0987'),
(86, '555-9876'),
(89, '555-8765'),
(92, '555-7654'),
(95, '555-6543'),
(98, '555-5432');

INSERT INTO Pedidos (id_cliente, fecha, estado, total) VALUES
(1, '2024-01-05 12:30:00', 'Pagado', 45.99),
(2, '2024-01-07 18:15:00', 'Pagado', 32.50),
(3, '2024-01-12 20:45:00', 'Pagado', 78.25),
(4, '2024-01-15 13:20:00', 'Cancelado', 22.99),
(5, '2024-01-20 19:10:00', 'Pagado', 56.75),
(6, '2024-01-25 14:30:00', 'Pagado', 43.50),
(7, '2024-01-30 17:45:00', 'Pagado', 67.25),
(8, '2024-02-03 12:15:00', 'Cancelado', 29.99),
(9, '2024-02-07 19:30:00', 'Pagado', 51.75),
(10, '2024-02-12 14:45:00', 'Pagado', 38.50),
(11, '2024-02-16 18:20:00', 'Pagado', 62.25),
(12, '2024-02-21 13:10:00', 'Cancelado', 27.99),
(13, '2024-02-26 20:30:00', 'Pagado', 49.75),
(14, '2024-03-02 15:45:00', 'Pagado', 36.50),
(15, '2024-03-07 19:15:00', 'Pagado', 59.25),
(16, '2024-03-12 12:30:00', 'Cancelado', 25.99),
(17, '2024-03-17 18:45:00', 'Pagado', 47.75),
(18, '2024-03-22 13:20:00', 'Pagado', 34.50),
(19, '2024-03-27 20:10:00', 'Pagado', 55.25),
(20, '2024-04-01 14:30:00', 'Pagado', 24.99),
(21, '2024-04-06 19:45:00', 'Pagado', 45.75),
(22, '2024-04-10 12:15:00', 'Cancelado', 32.50),
(23, '2024-04-15 18:30:00', 'Pagado', 54.25),
(24, '2024-04-20 13:45:00', 'Pagado', 23.99),
(25, '2024-04-25 20:15:00', 'Pagado', 44.75),
(26, '2024-04-30 15:30:00', 'Cancelado', 31.50),
(27, '2024-05-05 19:20:00', 'Pagado', 52.25),
(28, '2024-05-10 12:45:00', 'Pagado', 22.99),
(29, '2024-05-15 18:10:00', 'Pagado', 43.75),
(30, '2024-05-20 13:30:00', 'Cancelado', 30.50),
(31, '2024-05-25 20:45:00', 'Pagado', 50.25),
(32, '2024-05-30 14:15:00', 'Pagado', 21.99),
(33, '2024-06-04 19:30:00', 'Pagado', 42.75),
(34, '2024-06-09 12:45:00', 'Cancelado', 29.50),
(35, '2024-06-14 18:20:00', 'Pagado', 49.25),
(36, '2024-06-19 13:10:00', 'Pagado', 20.99),
(37, '2024-06-24 20:30:00', 'Pagado', 41.75),
(38, '2024-06-29 15:45:00', 'Cancelado', 28.50),
(39, '2024-07-04 19:15:00', 'Pagado', 48.25),
(40, '2024-07-09 12:30:00', 'Pagado', 19.99),
(41, '2024-07-14 18:45:00', 'Pagado', 40.75),
(42, '2024-07-19 13:20:00', 'Cancelado', 27.50),
(43, '2024-07-24 20:10:00', 'Pagado', 47.25),
(44, '2024-07-29 14:30:00', 'Pagado', 18.99),
(45, '2024-08-03 19:45:00', 'Pagado', 39.75),
(46, '2024-08-08 12:20:00', 'Cancelado', 26.50),
(47, '2024-08-13 18:10:00', 'Pagado', 46.25),
(48, '2024-08-18 13:30:00', 'Pagado', 17.99),
(49, '2024-08-23 20:45:00', 'Pagado', 38.75),
(50, '2024-08-28 14:15:00', 'Cancelado', 25.50),
(51, '2024-09-02 18:30:00', 'Pagado', 45.25),
(52, '2024-09-07 12:45:00', 'Pagado', 16.99),
(53, '2024-09-12 19:20:00', 'Pagado', 37.75),
(54, '2024-09-17 13:10:00', 'Cancelado', 24.50),
(55, '2024-09-22 20:30:00', 'Pagado', 44.25),
(56, '2024-09-27 15:45:00', 'Pagado', 15.99),
(57, '2024-10-02 19:15:00', 'Pagado', 36.75),
(58, '2024-10-07 12:30:00', 'Cancelado', 23.50),
(59, '2024-10-12 17:45:00', 'Pagado', 43.25),
(60, '2024-10-17 13:20:00', 'Pagado', 14.99),
(61, '2024-10-22 18:10:00', 'Pagado', 35.75),
(62, '2024-10-27 14:30:00', 'Cancelado', 22.50),
(63, '2024-11-01 19:45:00', 'Pagado', 42.25),
(64, '2024-11-06 12:15:00', 'Pagado', 13.99),
(65, '2024-11-11 18:30:00', 'Pagado', 34.75),
(66, '2024-11-16 13:45:00', 'Cancelado', 21.50),
(67, '2024-11-21 20:15:00', 'Pagado', 41.25),
(68, '2024-11-26 15:30:00', 'Pagado', 12.99),
(69, '2024-12-01 18:20:00', 'Pagado', 33.75),
(70, '2024-12-06 12:45:00', 'Cancelado', 20.50),
(71, '2024-12-11 19:10:00', 'Pagado', 40.25),
(72, '2024-12-16 13:30:00', 'Pagado', 11.99),
(73, '2024-12-21 20:45:00', 'Pagado', 32.75),
(74, '2024-12-26 14:15:00', 'Cancelado', 19.50),
(75, '2024-12-31 18:30:00', 'Pagado', 39.25),
(76, '2025-01-05 12:45:00', 'Pagado', 10.99),
(77, '2025-01-10 19:15:00', 'Pagado', 31.75),
(78, '2025-01-15 13:30:00', 'Cancelado', 18.50),
(79, '2025-01-20 20:45:00', 'Pagado', 38.25),
(80, '2025-01-25 14:15:00', 'Pagado', 9.99),
(81, '2025-01-30 19:30:00', 'Pagado', 30.75),
(82, '2025-02-04 12:45:00', 'Cancelado', 17.50),
(83, '2025-02-09 18:20:00', 'Pagado', 37.25),
(84, '2025-02-14 13:10:00', 'Pagado', 8.99),
(85, '2025-02-19 20:30:00', 'Pagado', 29.75),
(86, '2025-02-24 15:45:00', 'Cancelado', 16.50),
(87, '2025-03-01 19:20:00', 'Pagado', 36.25),
(88, '2025-03-06 12:10:00', 'Pagado', 7.99),
(89, '2025-03-11 18:30:00', 'Pagado', 28.75),
(90, '2025-03-16 13:45:00', 'Cancelado', 15.50),
(91, '2025-03-21 20:15:00', 'Pagado', 35.25),
(92, '2025-03-26 14:30:00', 'Pagado', 6.99),
(93, '2025-03-31 19:45:00', 'Pagado', 27.75),
(94, '2025-04-05 12:20:00', 'Cancelado', 14.50),
(95, '2025-04-10 18:10:00', 'Pagado', 34.25),
(96, '2025-04-15 13:30:00', 'Pagado', 5.99),
(97, '2025-04-20 20:45:00', 'Pagado', 26.75),
(98, '2025-04-25 14:15:00', 'Cancelado', 13.50),
(99, '2025-04-30 19:30:00', 'Pagado', 33.25),
(100, '2025-04-30 12:45:00', 'Pendiente', 4.99);

INSERT INTO DetallesPedidos (id_pedido, id_producto, cantidad, precio_unitario, subtotal) VALUES
(1, 1, 2, 8.99, 17.98),
(1, 10, 3, 3.50, 10.50),
(1, 24, 1, 2.50, 2.50),
(1, 12, 2, 9.50, 19.00),
(2, 3, 1, 12.99, 12.99),
(2, 24, 2, 2.50, 5.00),
(2, 49, 1, 4.50, 4.50),
(2, 10, 3, 3.50, 10.50),
(3, 4, 2, 14.50, 29.00),
(3, 12, 2, 9.50, 19.00),
(3, 38, 1, 3.99, 3.99),
(3, 50, 2, 2.99, 5.98),
(3, 28, 5, 1.50, 7.50),
(3, 10, 2, 3.50, 7.00),
(3, 27, 1, 6.99, 6.99),
(4, 9, 2, 7.99, 15.98),
(4, 10, 2, 3.50, 7.00),
(5, 7, 1, 18.99, 18.99),
(5, 28, 5, 1.50, 7.50),
(5, 31, 1, 4.99, 4.99),
(5, 38, 1, 3.99, 3.99),
(5, 24, 2, 2.50, 5.00),
(5, 50, 2, 2.99, 5.98),
(5, 10, 3, 3.50, 10.50),
(6, 6, 2, 13.50, 27.00),
(6, 10, 3, 3.50, 10.50),
(6, 27, 1, 6.99, 6.99),
(7, 8, 2, 15.50, 31.00),
(7, 10, 3, 3.50, 10.50),
(7, 24, 2, 2.50, 5.00),
(7, 31, 1, 4.99, 4.99),
(7, 50, 4, 2.99, 11.96),
(7, 12, 1, 9.50, 9.50),
(8, 3, 1, 12.99, 12.99),
(8, 50, 2, 2.99, 5.98),
(8, 10, 2, 3.50, 7.00),
(8, 38, 1, 3.99, 3.99),
(9, 5, 3, 10.99, 32.97),
(9, 38, 2, 3.99, 7.98),
(9, 10, 2, 3.50, 7.00),
(9, 31, 1, 4.99, 4.99),
(10, 6, 1, 13.50, 13.50),
(10, 9, 1, 7.99, 7.99),
(10, 50, 3, 2.99, 8.97),
(10, 28, 5, 1.50, 7.50),
(11, 4, 2, 14.50, 29.00),
(11, 10, 3, 3.50, 10.50),
(11, 24, 2, 2.50, 5.00),
(11, 38, 2, 3.99, 7.98),
(11, 49, 2, 4.50, 9.00),
(12, 9, 2, 7.99, 15.98),
(12, 10, 2, 3.50, 7.00),
(12, 50, 1, 2.99, 2.99),
(12, 28, 2, 1.50, 3.00),
(13, 5, 3, 10.99, 32.97),
(13, 24, 2, 2.50, 5.00),
(13, 38, 1, 3.99, 3.99),
(13, 28, 5, 1.50, 7.50),
(14, 1, 2, 8.99, 17.98),
(14, 10, 3, 3.50, 10.50),
(14, 24, 1, 2.50, 2.50),
(14, 50, 2, 2.99, 5.98),
(15, 7, 2, 18.99, 37.98),
(15, 10, 3, 3.50, 10.50),
(15, 38, 1, 3.99, 3.99),
(15, 28, 5, 1.50, 7.50),
(16, 2, 2, 6.50, 13.00),
(16, 10, 2, 3.50, 7.00),
(16, 28, 4, 1.50, 6.00),
(17, 3, 2, 12.99, 25.98),
(17, 31, 2, 4.99, 9.98),
(17, 10, 2, 3.50, 7.00),
(17, 50, 1, 2.99, 2.99),
(18, 2, 1, 6.50, 6.50),
(18, 9, 1, 7.99, 7.99),
(18, 28, 5, 1.50, 7.50),
(18, 50, 3, 2.99, 8.97),
(18, 38, 1, 3.99, 3.99),
(19, 5, 2, 10.99, 21.98),
(19, 28, 4, 1.50, 6.00),
(19, 24, 3, 2.50, 7.50),
(19, 38, 2, 3.99, 7.98),
(19, 49, 2, 4.50, 9.00),
(19, 10, 1, 3.50, 3.50),
(20, 11, 3, 5.99, 17.97),
(20, 24, 1, 2.50, 2.50),
(20, 50, 1, 2.99, 2.99),
(20, 31, 1, 4.99, 4.99),
(21, 4, 1, 14.50, 14.50),
(21, 10, 3, 3.50, 10.50),
(21, 24, 2, 2.50, 5.00),
(21, 50, 2, 2.99, 5.98),
(21, 49, 2, 4.50, 9.00),
(22, 3, 1, 12.99, 12.99),
(22, 31, 1, 4.99, 4.99),
(22, 28, 5, 1.50, 7.50),
(22, 10, 2, 3.50, 7.00),
(23, 5, 3, 10.99, 32.97),
(23, 31, 1, 4.99, 4.99),
(23, 24, 2, 2.50, 5.00),
(23, 10, 2, 3.50, 7.00),
(23, 38, 1, 3.99, 3.99),
(24, 9, 1, 7.99, 7.99),
(24, 24, 2, 2.50, 5.00),
(24, 50, 2, 2.99, 5.98),
(24, 31, 1, 4.99, 4.99),
(25, 5, 2, 10.99, 21.98),
(25, 10, 3, 3.50, 10.50),
(25, 28, 5, 1.50, 7.50),
(25, 38, 1, 3.99, 3.99),
(26, 3, 1, 12.99, 12.99),
(26, 10, 3, 3.50, 10.50),
(26, 28, 5, 1.50, 7.50),
(27, 5, 2, 10.99, 21.98),
(27, 31, 1, 4.99, 4.99),
(27, 24, 2, 2.50, 5.00),
(27, 50, 2, 2.99, 5.98),
(27, 38, 2, 3.99, 7.98),
(28, 2, 1, 6.50, 6.50),
(28, 28, 4, 1.50, 6.00),
(28, 50, 2, 2.99, 5.98),
(28, 38, 1, 3.99, 3.99),
(29, 7, 1, 18.99, 18.99),
(29, 24, 2, 2.50, 5.00),
(29, 31, 1, 4.99, 4.99),
(29, 38, 1, 3.99, 3.99),
(29, 10, 3, 3.50, 10.50),
(30, 6, 1, 13.50, 13.50),
(30, 10, 2, 3.50, 7.00),
(30, 24, 1, 2.50, 2.50),
(30, 38, 1, 3.99, 3.99),
(31, 4, 1, 14.50, 14.50),
(31, 31, 2, 4.99, 9.98),
(31, 28, 5, 1.50, 7.50),
(31, 24, 2, 2.50, 5.00),
(31, 38, 2, 3.99, 7.98),
(31, 50, 1, 2.99, 2.99),
(32, 9, 1, 7.99, 7.99),
(32, 10, 2, 3.50, 7.00),
(32, 24, 1, 2.50, 2.50),
(32, 50, 1, 2.99, 2.99),
(33, 5, 2, 10.99, 21.98),
(33, 24, 2, 2.50, 5.00),
(33, 31, 1, 4.99, 4.99),
(33, 38, 1, 3.99, 3.99),
(33, 28, 5, 1.50, 7.50),
(34, 3, 1, 12.99, 12.99),
(34, 10, 2, 3.50, 7.00),
(34, 28, 3, 1.50, 4.50),
(34, 50, 1, 2.99, 2.99),
(35, 7, 1, 18.99, 18.99),
(35, 10, 3, 3.50, 10.50),
(35, 24, 2, 2.50, 5.00),
(35, 31, 1, 4.99, 4.99),
(35, 38, 1, 3.99, 3.99),
(35, 50, 1, 2.99, 2.99),
(36, 2, 1, 6.50, 6.50),
(36, 9, 1, 7.99, 7.99),
(36, 28, 3, 1.50, 4.50),
(36, 24, 1, 2.50, 2.50),
(37, 5, 2, 10.99, 21.98),
(37, 10, 2, 3.50, 7.00),
(37, 31, 1, 4.99, 4.99),
(37, 28, 5, 1.50, 7.50),
(38, 3, 1, 12.99, 12.99),
(38, 10, 2, 3.50, 7.00),
(38, 24, 1, 2.50, 2.50),
(38, 50, 2, 2.99, 5.98),
(39, 4, 1, 14.50, 14.50),
(39, 9, 1, 7.99, 7.99),
(39, 28, 5, 1.50, 7.50),
(39, 38, 2, 3.99, 7.98),
(39, 10, 3, 3.50, 10.50),
(40, 11, 2, 5.99, 11.98),
(40, 24, 1, 2.50, 2.50),
(40, 31, 1, 4.99, 4.99),
(41, 6, 1, 13.50, 13.50),
(41, 10, 3, 3.50, 10.50),
(41, 28, 5, 1.50, 7.50),
(41, 38, 1, 3.99, 3.99),
(41, 24, 2, 2.50, 5.00),
(42, 3, 1, 12.99, 12.99),
(42, 9, 1, 7.99, 7.99),
(42, 31, 1, 4.99, 4.99),
(43, 5, 2, 10.99, 21.98),
(43, 24, 2, 2.50, 5.00),
(43, 28, 4, 1.50, 6.00),
(43, 38, 1, 3.99, 3.99),
(43, 10, 3, 3.50, 10.50),
(44, 2, 1, 6.50, 6.50),
(44, 28, 3, 1.50, 4.50),
(44, 50, 1, 2.99, 2.99),
(44, 24, 2, 2.50, 5.00),
(45, 7, 1, 18.99, 18.99),
(45, 10, 3, 3.50, 10.50),
(45, 24, 1, 2.50, 2.50),
(45, 38, 1, 3.99, 3.99),
(45, 28, 2, 1.50, 3.00),
(46, 3, 1, 12.99, 12.99),
(46, 28, 5, 1.50, 7.50),
(46, 31, 1, 4.99, 4.99),
(47, 4, 1, 14.50, 14.50),
(47, 9, 1, 7.99, 7.99),
(47, 24, 2, 2.50, 5.00),
(47, 10, 3, 3.50, 10.50),
(47, 38, 2, 3.99, 7.98),
(48, 9, 1, 7.99, 7.99),
(48, 24, 1, 2.50, 2.50),
(48, 31, 1, 4.99, 4.99),
(48, 28, 2, 1.50, 3.00),
(49, 5, 2, 10.99, 21.98),
(49, 10, 2, 3.50, 7.00),
(49, 38, 1, 3.99, 3.99),
(49, 50, 2, 2.99, 5.98),
(50, 3, 1, 12.99, 12.99),
(50, 28, 5, 1.50, 7.50),
(50, 31, 1, 4.99, 4.99),
(51, 5, 2, 10.99, 21.98),
(51, 24, 2, 2.50, 5.00),
(51, 10, 3, 3.50, 10.50),
(51, 38, 1, 3.99, 3.99),
(51, 31, 1, 4.99, 4.99),
(52, 11, 1, 5.99, 5.99),
(52, 28, 3, 1.50, 4.50),
(52, 31, 1, 4.99, 4.99),
(52, 24, 1, 2.50, 2.50),
(53, 6, 1, 13.50, 13.50),
(53, 10, 3, 3.50, 10.50),
(53, 24, 2, 2.50, 5.00),
(53, 38, 1, 3.99, 3.99),
(53, 50, 1, 2.99, 2.99),
(54, 3, 1, 12.99, 12.99),
(54, 28, 4, 1.50, 6.00),
(54, 31, 1, 4.99, 4.99),
(55, 7, 1, 18.99, 18.99),
(55, 24, 2, 2.50, 5.00),
(55, 10, 3, 3.50, 10.50),
(55, 38, 1, 3.99, 3.99),
(55, 50, 2, 2.99, 5.98),
(56, 2, 1, 6.50, 6.50),
(56, 9, 1, 7.99, 7.99),
(56, 24, 1, 2.50, 2.50),
(57, 4, 1, 14.50, 14.50),
(57, 10, 3, 3.50, 10.50),
(57, 28, 5, 1.50, 7.50),
(57, 38, 1, 3.99, 3.99),
(58, 3, 1, 12.99, 12.99),
(58, 28, 4, 1.50, 6.00),
(58, 31, 1, 4.99, 4.99),
(59, 5, 2, 10.99, 21.98),
(59, 10, 3, 3.50, 10.50),
(59, 24, 2, 2.50, 5.00),
(59, 38, 1, 3.99, 3.99),
(59, 28, 1, 1.50, 1.50),
(60, 11, 1, 5.99, 5.99),
(60, 28, 2, 1.50, 3.00),
(60, 24, 1, 2.50, 2.50),
(60, 31, 1, 4.99, 4.99),
(61, 6, 1, 13.50, 13.50),
(61, 10, 3, 3.50, 10.50),
(61, 28, 4, 1.50, 6.00),
(61, 38, 1, 3.99, 3.99),
(61, 24, 1, 2.50, 2.50),
(62, 3, 1, 12.99, 12.99),
(62, 28, 3, 1.50, 4.50),
(62, 31, 1, 4.99, 4.99),
(63, 5, 2, 10.99, 21.98),
(63, 10, 3, 3.50, 10.50),
(63, 24, 1, 2.50, 2.50),
(63, 38, 1, 3.99, 3.99),
(63, 28, 2, 1.50, 3.00),
(64, 11, 1, 5.99, 5.99),
(64, 28, 2, 1.50, 3.00),
(64, 31, 1, 4.99, 4.99),
(65, 7, 1, 18.99, 18.99),
(65, 10, 2, 3.50, 7.00),
(65, 24, 1, 2.50, 2.50),
(65, 38, 1, 3.99, 3.99),
(65, 28, 1, 1.50, 1.50),
(66, 3, 1, 12.99, 12.99),
(66, 28, 2, 1.50, 3.00),
(66, 31, 1, 4.99, 4.99),
(67, 4, 1, 14.50, 14.50),
(67, 10, 3, 3.50, 10.50),
(67, 28, 5, 1.50, 7.50),
(67, 38, 1, 3.99, 3.99),
(67, 24, 2, 2.50, 5.00),
(68, 9, 1, 7.99, 7.99),
(68, 28, 1, 1.50, 1.50),
(68, 31, 1, 4.99, 4.99),
(69, 5, 1, 10.99, 10.99),
(69, 10, 3, 3.50, 10.50),
(69, 24, 2, 2.50, 5.00),
(69, 38, 1, 3.99, 3.99),
(69, 28, 2, 1.50, 3.00),
(70, 3, 1, 12.99, 12.99),
(70, 28, 3, 1.50, 4.50),
(70, 31, 1, 4.99, 4.99),
(71, 7, 1, 18.99, 18.99),
(71, 10, 3, 3.50, 10.50),
(71, 24, 2, 2.50, 5.00),
(71, 38, 1, 3.99, 3.99),
(71, 28, 1, 1.50, 1.50),
(72, 11, 1, 5.99, 5.99),
(72, 28, 1, 1.50, 1.50),
(72, 24, 1, 2.50, 2.50),
(72, 31, 1, 4.99, 4.99),
(73, 6, 1, 13.50, 13.50),
(73, 10, 3, 3.50, 10.50),
(73, 24, 1, 2.50, 2.50),
(73, 38, 1, 3.99, 3.99),
(73, 28, 1, 1.50, 1.50),
(74, 3, 1, 12.99, 12.99),
(74, 28, 2, 1.50, 3.00),
(74, 31, 1, 4.99, 4.99),
(75, 5, 2, 10.99, 21.98),
(75, 10, 3, 3.50, 10.50),
(75, 24, 1, 2.50, 2.50),
(75, 38, 1, 3.99, 3.99),
(76, 9, 1, 7.99, 7.99),
(76, 28, 1, 1.50, 1.50),
(76, 31, 1, 4.99, 4.99),
(77, 6, 1, 13.50, 13.50),
(77, 10, 3, 3.50, 10.50),
(77, 24, 1, 2.50, 2.50),
(77, 38, 1, 3.99, 3.99),
(77, 28, 1, 1.50, 1.50),
(78, 3, 1, 12.99, 12.99),
(78, 28, 2, 1.50, 3.00),
(78, 31, 1, 4.99, 4.99),
(79, 7, 1, 18.99, 18.99),
(79, 10, 3, 3.50, 10.50),
(79, 24, 1, 2.50, 2.50),
(79, 38, 1, 3.99, 3.99),
(79, 28, 1, 1.50, 1.50),
(80, 11, 1, 5.99, 5.99),
(80, 28, 1, 1.50, 1.50),
(80, 31, 1, 4.99, 4.99),
(81, 5, 1, 10.99, 10.99),
(81, 10, 3, 3.50, 10.50),
(81, 24, 1, 2.50, 2.50),
(81, 38, 1, 3.99, 3.99),
(81, 28, 2, 1.50, 3.00),
(82, 3, 1, 12.99, 12.99),
(82, 28, 1, 1.50, 1.50),
(82, 31, 1, 4.99, 4.99),
(83, 4, 1, 14.50, 14.50),
(83, 10, 3, 3.50, 10.50),
(83, 24, 1, 2.50, 2.50),
(83, 38, 1, 3.99, 3.99),
(83, 28, 2, 1.50, 3.00),
(84, 9, 1, 7.99, 7.99),
(84, 28, 1, 1.50, 1.50),
(85, 6, 1, 13.50, 13.50),
(85, 10, 3, 3.50, 10.50),
(85, 24, 1, 2.50, 2.50),
(85, 38, 1, 3.99, 3.99),
(86, 3, 1, 12.99, 12.99),
(86, 28, 1, 1.50, 1.50),
(86, 31, 1, 4.99, 4.99),
(87, 5, 2, 10.99, 21.98),
(87, 10, 2, 3.50, 7.00),
(87, 24, 1, 2.50, 2.50),
(87, 38, 1, 3.99, 3.99),
(88, 11, 1, 5.99, 5.99),
(88, 31, 1, 4.99, 4.99),
(89, 7, 1, 18.99, 18.99),
(89, 10, 1, 3.50, 3.50),
(89, 24, 1, 2.50, 2.50),
(89, 38, 1, 3.99, 3.99),
(90, 3, 1, 12.99, 12.99),
(90, 31, 1, 4.99, 4.99),
(91, 4, 1, 14.50, 14.50),
(91, 10, 3, 3.50, 10.50),
(91, 24, 1, 2.50, 2.50),
(91, 38, 1, 3.99, 3.99),
(91, 28, 2, 1.50, 3.00),
(92, 9, 1, 7.99, 7.99),
(93, 6, 1, 13.50, 13.50),
(93, 10, 2, 3.50, 7.00),
(93, 24, 1, 2.50, 2.50),
(93, 38, 1, 3.99, 3.99),
(94, 3, 1, 12.99, 12.99),
(94, 31, 1, 4.99, 4.99),
(95, 5, 2, 10.99, 21.98),
(95, 10, 2, 3.50, 7.00),
(95, 24, 1, 2.50, 2.50),
(95, 38, 1, 3.99, 3.99),
(96, 11, 1, 5.99, 5.99),
(97, 7, 1, 18.99, 18.99),
(97, 10, 1, 3.50, 3.50),
(97, 24, 1, 2.50, 2.50),
(97, 38, 1, 3.99, 3.99),
(98, 3, 1, 12.99, 12.99),
(98, 31, 1, 4.99, 4.99),
(99, 4, 1, 14.50, 14.50),
(99, 10, 3, 3.50, 10.50),
(99, 24, 1, 2.50, 2.50),
(99, 38, 1, 3.99, 3.99),
(100, 11, 1, 5.99, 5.99);

INSERT INTO EmpleadoPedidos (id_empleado, id_pedido) VALUES
-- Asignación de empleados a los pedidos
(1, 1),
(2, 2),
(3, 3),
(4, 4),
(5, 5),
(6, 6),
(7, 7),
(8, 8),
(9, 9),
(10, 10),
(1, 11),
(2, 12),
(3, 13),
(4, 14),
(5, 15),
(6, 16),
(7, 17),
(8, 18),
(9, 19),
(10, 20),
(1, 21),
(2, 22),
(3, 23),
(4, 24),
(5, 25),
(6, 26),
(7, 27),
(8, 28),
(9, 29),
(10, 30),
(1, 31),
(2, 32),
(3, 33),
(4, 34),
(5, 35),
(6, 36),
(7, 37),
(8, 38),
(9, 39),
(10, 40),
(1, 41),
(2, 42),
(3, 43),
(4, 44),
(5, 45),
(6, 46),
(7, 47),
(8, 48),
(9, 49),
(10, 50),
(1, 51),
(2, 52),
(3, 53),
(4, 54),
(5, 55),
(6, 56),
(7, 57),
(8, 58),
(9, 59),
(10, 60),
(1, 61),
(2, 62),
(3, 63),
(4, 64),
(5, 65),
(6, 66),
(7, 67),
(8, 68),
(9, 69),
(10, 70),
(1, 71),
(2, 72),
(3, 73),
(4, 74),
(5, 75),
(6, 76),
(7, 77),
(8, 78),
(9, 79),
(10, 80),
(1, 81),
(2, 82),
(3, 83),
(4, 84),
(5, 85),
(6, 86),
(7, 87),
(8, 88),
(9, 89),
(10, 90),
(1, 91),
(2, 92),
(3, 93),
(4, 94),
(5, 95),
(6, 96),
(7, 97),
(8, 98),
(9, 99),
(10, 100);

INSERT INTO Pagos (id_pedido, id_metodo_pago, monto, fecha_pago) VALUES
-- Pagos para pedidos en estado 'Pagado'
(1, 1, 45.99, '2024-01-05 13:45:20'),
(2, 2, 32.50, '2024-01-07 19:20:15'),
(3, 1, 78.25, '2024-01-12 21:30:05'),
(5, 3, 56.75, '2024-01-20 20:05:12'),
(6, 2, 43.50, '2024-01-25 15:40:30'),
(7, 1, 67.25, '2024-01-30 18:15:25'),
(9, 4, 51.75, '2024-02-07 20:12:40'),
(10, 3, 38.50, '2024-02-12 15:30:10'),
(11, 2, 62.25, '2024-02-16 19:05:35'),
(13, 1, 49.75, '2024-02-26 21:10:15'),
(14, 5, 36.50, '2024-03-02 16:25:45'),
(15, 3, 59.25, '2024-03-07 20:30:05'),
(17, 2, 47.75, '2024-03-17 19:15:30'),
(18, 1, 34.50, '2024-03-22 14:40:25'),
(19, 4, 55.25, '2024-03-27 21:05:50'),
(20, 3, 24.99, '2024-04-01 15:40:15'),
(21, 2, 45.75, '2024-04-06 20:15:30'),
(23, 1, 54.25, '2024-04-15 19:45:10'),
(24, 5, 23.99, '2024-04-20 14:30:35'),
(25, 3, 44.75, '2024-04-25 21:20:25'),
(27, 2, 52.25, '2024-05-05 20:05:40'),
(28, 1, 22.99, '2024-05-10 13:30:15'),
(29, 4, 43.75, '2024-05-15 19:05:55'),
(31, 3, 50.25, '2024-05-25 21:40:20'),
(32, 2, 21.99, '2024-05-30 15:25:10'),
(33, 1, 42.75, '2024-06-04 20:15:30'),
(35, 5, 49.25, '2024-06-14 19:10:45'),
(36, 3, 20.99, '2024-06-19 14:25:05'),
(37, 2, 41.75, '2024-06-24 21:15:30'),
(39, 1, 48.25, '2024-07-04 20:20:45'),
(40, 4, 19.99, '2024-07-09 13:40:10'),
(41, 3, 40.75, '2024-07-14 19:30:25'),
(43, 2, 47.25, '2024-07-24 21:05:15'),
(44, 1, 18.99, '2024-07-29 15:45:40'),
(45, 5, 39.75, '2024-08-03 20:30:05'),
(47, 3, 46.25, '2024-08-13 19:05:20'),
(48, 2, 17.99, '2024-08-18 14:40:35'),
(49, 1, 38.75, '2024-08-23 21:30:15'),
(51, 4, 45.25, '2024-09-02 19:45:30'),
(52, 3, 16.99, '2024-09-07 13:30:40'),
(53, 2, 37.75, '2024-09-12 20:05:15'),
(55, 1, 44.25, '2024-09-22 21:15:50'),
(56, 5, 15.99, '2024-09-27 16:30:25'),
(57, 3, 36.75, '2024-10-02 20:10:40'),
(59, 2, 43.25, '2024-10-12 18:30:10'),
(60, 1, 14.99, '2024-10-17 14:15:35'),
(61, 4, 35.75, '2024-10-22 19:45:05'),
(63, 3, 42.25, '2024-11-01 20:30:20'),
(64, 2, 13.99, '2024-11-06 13:20:45'),
(65, 1, 34.75, '2024-11-11 19:15:10'),
(67, 5, 41.25, '2024-11-21 21:05:35'),
(68, 3, 12.99, '2024-11-26 16:20:15'),
(69, 2, 33.75, '2024-12-01 19:05:40'),
(71, 1, 40.25, '2024-12-11 20:15:20'),
(72, 4, 11.99, '2024-12-16 14:25:05'),
(73, 3, 32.75, '2024-12-21 21:30:45'),
(75, 2, 39.25, '2024-12-31 19:15:30'),
(76, 1, 10.99, '2025-01-05 13:40:10'),
(77, 5, 31.75, '2025-01-10 20:05:35'),
(79, 3, 38.25, '2025-01-20 21:30:20'),
(80, 2, 9.99, '2025-01-25 15:20:40'),
(81, 1, 30.75, '2025-01-30 20:15:15'),
(83, 4, 37.25, '2025-02-09 19:05:30'),
(84, 3, 8.99, '2025-02-14 14:20:45'),
(85, 2, 29.75, '2025-02-19 21:15:10'),
(87, 1, 36.25, '2025-03-01 20:10:35'),
(88, 5, 7.99, '2025-03-06 13:15:20'),
(89, 3, 28.75, '2025-03-11 19:25:40'),
(91, 2, 35.25, '2025-03-21 21:05:15'),
(92, 1, 6.99, '2025-03-26 15:20:35'),
(93, 4, 27.75, '2025-03-31 20:30:10'),
(95, 3, 34.25, '2025-04-10 19:05:45'),
(96, 2, 5.99, '2025-04-15 14:25:20'),
(97, 1, 26.75, '2025-04-20 21:30:05'),
(99, 5, 33.25, '2025-04-30 20:15:40');